first_name,last_name,email,gender,birthday,country
Durant,Phythian,dphythian0@nasa.gov,Male,1998/01/15,Brazil
Celestina,Peidro,cpeidro1@java.com,Female,2009/01/01,Iran
Clementine,Fulun,cfulun2@edublogs.org,Female,1999/11/20,China
Valeria,Ogbourne,vogbourne3@twitpic.com,Female,2000/07/12,China
Ginelle,Norcliff,gnorcliff4@hhs.gov,Female,2005/12/17,Peru
Marnie,Cartmale,mcartmale5@independent.co.uk,Female,2016/01/31,Indonesia
Ina,Kerwood,ikerwood6@forbes.com,Female,1991/05/12,Sweden
Mufinella,Danilyuk,mdanilyuk7@aol.com,Female,2018/07/25,Argentina
Hazel,Gresser,hgresser8@i2i.jp,Female,2002/03/16,China
Sebastiano,Worters,sworters9@marketwatch.com,Male,1999/11/07,Czech Republic
Donella,Lott,dlotta@eventbrite.com,Female,1994/03/29,Brazil
Karolina,Hedau,khedaub@vk.com,Female,2015/02/09,Russia
Juli,Gaffey,jgaffeyc@merriam-webster.com,Female,2015/08/31,Russia
Rozella,Schleicher,rschleicherd@ycombinator.com,Female,2006/01/03,Russia
Hurley,Ramel,hramele@oracle.com,Male,2002/04/30,Sweden
Vasilis,Beesley,vbeesleyf@liveinternet.ru,Male,2001/08/11,Philippines
Emili,Nannoni,enannonig@com.com,Female,1996/04/27,Portugal
Corie,Quibell,cquibellh@g.co,Female,1994/07/12,Philippines
Duffie,Reinhard,dreinhardi@seattletimes.com,Male,2010/08/08,Botswana
Alene,Cayzer,acayzerj@spotify.com,Female,2000/04/07,Portugal
Kirsti,Musicka,kmusickak@bbb.org,Female,2000/10/28,China
Sonni,Whacket,swhacketl@indiatimes.com,Female,2008/05/11,Indonesia
Orlan,Bickley,obickleym@ucsd.edu,Male,2004/07/02,Comoros
Harwell,Lemmertz,hlemmertzn@cisco.com,Male,2005/03/15,Bolivia
Garrick,Bolzmann,gbolzmanno@barnesandnoble.com,Male,2001/10/15,China
Kim,Karczinski,kkarczinskip@ehow.com,Female,2016/05/31,Portugal
Winonah,Shimoni,wshimoniq@zimbio.com,Female,2006/12/07,Portugal
Vernon,Durrans,vdurransr@earthlink.net,Male,2010/03/27,Malta
Gusella,Caisley,gcaisleys@dell.com,Female,2015/07/18,China
Kale,Horney,khorneyt@wiley.com,Male,1993/05/02,France
Fidole,Cockton,fcocktonu@netscape.com,Male,2013/04/29,China
Valaria,Sargent,vsargentv@newyorker.com,Female,2003/05/17,Finland
Wallis,Kellitt,wkellittw@businesswire.com,Male,2018/02/27,Sweden
Ainslie,Vise,avisex@gizmodo.com,Female,2011/04/02,Russia
Zachariah,Van der Merwe,zvandermerwey@netvibes.com,Male,2008/05/19,Peru
Noni,Alyutin,nalyutinz@51.la,Female,1990/04/29,Myanmar
Tootsie,Jurgenson,tjurgenson10@europa.eu,Female,2015/12/08,China
Megen,McArtan,mmcartan11@devhub.com,Female,1990/03/17,Canada
Mehetabel,Dingsdale,mdingsdale12@house.gov,Female,2007/07/19,Poland
Kerr,Reed,kreed13@jiathis.com,Male,1991/03/09,China
Alana,Gerrans,agerrans14@slideshare.net,Female,2004/01/07,United States
Misty,Troke,mtroke15@livejournal.com,Female,2002/06/17,China
Byran,Mariolle,bmariolle16@washingtonpost.com,Male,2012/07/09,Serbia
Lacie,Slobom,lslobom17@soup.io,Female,1994/02/13,Greece
Andrea,Wilder,awilder18@mozilla.org,Female,1997/08/01,Yemen
Bradford,Daubney,bdaubney19@un.org,Male,2016/12/10,Sweden
Vilhelmina,Dowrey,vdowrey1a@bloglovin.com,Female,2015/05/05,Poland
Birch,Fennelow,bfennelow1b@prlog.org,Male,2000/03/25,Kazakhstan
Joane,Davidavidovics,jdavidavidovics1c@dion.ne.jp,Female,2010/08/06,Brazil
Gavrielle,Wrightson,gwrightson1d@wix.com,Female,2001/03/11,Philippines
Aryn,Rolingson,arolingson1e@wikimedia.org,Female,2007/12/30,China
Erhart,Candwell,ecandwell1f@about.me,Male,2003/01/06,Brazil
Alexander,Greenhaugh,agreenhaugh1g@psu.edu,Male,2010/09/18,France
Jess,Fozard,jfozard1h@hubpages.com,Male,2005/04/24,Netherlands
Isaac,Magog,imagog1i@sakura.ne.jp,Male,1994/09/20,United States
Orin,Evenden,oevenden1j@miitbeian.gov.cn,Male,2018/02/21,Croatia
Carmela,Grimsdale,cgrimsdale1k@instagram.com,Female,1992/04/02,China
Wilfred,Buckbee,wbuckbee1l@hubpages.com,Male,1992/10/19,Colombia
Micheil,Guiu,mguiu1m@skype.com,Male,2000/09/03,Philippines
Desi,Andreacci,dandreacci1n@disqus.com,Male,2008/08/02,Ireland
Darcy,Vankov,dvankov1o@twitpic.com,Male,1993/09/01,France
Sarina,McNirlin,smcnirlin1p@biglobe.ne.jp,Female,2013/05/06,Poland
Murvyn,Mc Curlye,mmccurlye1q@google.es,Male,2011/09/14,Greece
Staffard,Mattiello,smattiello1r@qq.com,Male,1994/11/09,China
Kermy,Bockmaster,kbockmaster1s@dion.ne.jp,Male,2001/07/29,Bulgaria
Dulcea,Archbell,darchbell1t@gmpg.org,Female,2000/01/07,United States
Kirsti,Debnam,kdebnam1u@theatlantic.com,Female,2015/01/24,Jamaica
Sigfrid,Wahncke,swahncke1v@adobe.com,Male,1996/12/12,Thailand
Dolf,Pietzke,dpietzke1w@barnesandnoble.com,Male,2003/08/07,China
Misti,Pooly,mpooly1x@tuttocitta.it,Female,2004/08/26,Aland Islands
Bibby,Joutapavicius,bjoutapavicius1y@google.nl,Female,1994/04/05,Indonesia
Vasilis,Ralling,vralling1z@live.com,Male,1999/12/30,China
Kaitlynn,Tuckwell,ktuckwell20@who.int,Female,1992/10/25,Portugal
Cicely,Poel,cpoel21@myspace.com,Female,2006/04/05,Nigeria
Mora,Brane,mbrane22@hc360.com,Female,1993/04/12,Poland
Tersina,Gooderick,tgooderick23@booking.com,Female,1992/07/06,Russia
Brooke,Biggadike,bbiggadike24@sfgate.com,Male,2004/07/18,Argentina
Burl,Andryushin,bandryushin25@indiatimes.com,Male,2004/01/19,China
Sheffie,Kinloch,skinloch26@google.com.br,Male,2007/08/29,Cameroon
Garrot,Elloy,gelloy27@wsj.com,Male,2015/05/29,Sweden
Vivyanne,Trynor,vtrynor28@slashdot.org,Female,2005/01/22,Bulgaria
Arabel,Reyson,areyson29@a8.net,Female,2006/05/30,Russia
Elisabeth,Lenihan,elenihan2a@yelp.com,Female,2013/07/19,Russia
Cointon,Dobbie,cdobbie2b@flavors.me,Male,2001/02/19,Colombia
Antin,Messom,amessom2c@infoseek.co.jp,Male,2000/08/31,Russia
Aurel,Philippe,aphilippe2d@cocolog-nifty.com,Female,1996/05/02,China
Gillie,Nutbeam,gnutbeam2e@oracle.com,Female,2000/07/23,South Africa
Jerrome,McCheyne,jmccheyne2f@jimdo.com,Male,2017/01/25,Nigeria
Nolan,Ifill,nifill2g@newsvine.com,Male,2008/01/20,United States
Lock,Jolliff,ljolliff2h@chron.com,Male,1993/03/15,Mexico
Moreen,Pippard,mpippard2i@ucoz.ru,Female,2012/10/31,Kazakhstan
Ella,Laroux,elaroux2j@paginegialle.it,Female,2001/04/28,Nigeria
Kandace,Drissell,kdrissell2k@google.ca,Female,1993/01/01,China
Kennith,Drane,kdrane2l@cdbaby.com,Male,2016/01/08,Sweden
Aron,Mobbs,amobbs2m@jiathis.com,Male,1995/12/02,Germany
Dora,Gostick,dgostick2n@wsj.com,Female,2003/09/12,Armenia
Jaquenetta,De Banke,jdebanke2o@dion.ne.jp,Female,1997/05/03,China
Shani,Wickersham,swickersham2p@vinaora.com,Female,1999/11/21,France
Michale,Pedley,mpedley2q@marketwatch.com,Male,1997/01/26,Indonesia
Conney,Redhole,credhole2r@taobao.com,Male,1996/05/16,Russia
Jourdain,Dreinan,jdreinan2s@sfgate.com,Male,2008/06/24,Ukraine
Shae,McQuillan,smcquillan2t@vimeo.com,Male,2001/03/25,China
Errol,Burrows,eburrows2u@theguardian.com,Male,2005/05/04,Ukraine
Vladamir,Ardling,vardling2v@studiopress.com,Male,2003/12/21,Poland
Gav,Callinan,gcallinan2w@csmonitor.com,Male,1991/10/26,Brazil
Tobin,Scurry,tscurry2x@hao123.com,Male,2019/01/08,Indonesia
Melania,Gulston,mgulston2y@narod.ru,Female,2008/04/05,Japan
Lura,Buffey,lbuffey2z@feedburner.com,Female,2012/08/02,Poland
Gabrila,Firmage,gfirmage30@wikia.com,Female,2000/07/04,Indonesia
Stella,Martinie,smartinie31@example.com,Female,1996/07/23,Canada
Chrysa,Laydon,claydon32@stumbleupon.com,Female,1995/07/11,China
Lucina,Weatherdon,lweatherdon33@amazonaws.com,Female,2015/02/01,China
Roseanna,Abrahmer,rabrahmer34@ebay.com,Female,2010/11/10,"Bonaire, Saint Eustatius and Saba "
Hedy,Vandenhoff,hvandenhoff35@go.com,Female,2012/10/08,Mali
Hasheem,Yankov,hyankov36@geocities.com,Male,2004/01/19,Mexico
Ariel,Birch,abirch37@ameblo.jp,Female,2003/07/21,Poland
Norine,Bartoleyn,nbartoleyn38@networkadvertising.org,Female,1996/06/18,Tanzania
Erasmus,Folomkin,efolomkin39@themeforest.net,Male,2006/10/25,Russia
Matthew,Georgiades,mgeorgiades3a@tinypic.com,Male,1993/07/20,Afghanistan
Tabb,Kernocke,tkernocke3b@hostgator.com,Male,2006/04/07,Madagascar
Annadiana,Angrove,aangrove3c@shutterfly.com,Female,2008/08/12,China
Garnette,Uc,guc3d@livejournal.com,Female,2015/03/22,Philippines
Meris,Stanfield,mstanfield3e@mashable.com,Female,1993/12/21,Russia
Robby,Digby,rdigby3f@gov.uk,Female,1998/01/25,Indonesia
Teddi,McGeechan,tmcgeechan3g@multiply.com,Female,2000/01/10,Indonesia
Garvy,Brasseur,gbrasseur3h@shop-pro.jp,Male,2004/06/10,Ukraine
Maxine,Pettman,mpettman3i@github.com,Female,1997/01/09,France
Meyer,Turbitt,mturbitt3j@auda.org.au,Male,2004/01/12,China
Alexi,O'Dowgaine,aodowgaine3k@indiegogo.com,Female,2006/01/20,Azerbaijan
Jennilee,Helix,jhelix3l@csmonitor.com,Female,2015/09/21,Comoros
Reggie,Coils,rcoils3m@arstechnica.com,Male,2002/05/16,Portugal
Christye,Key,ckey3n@chicagotribune.com,Female,1990/03/03,China
Angelle,Kennefick,akennefick3o@cornell.edu,Female,2011/07/15,Colombia
Darwin,Vinter,dvinter3p@chronoengine.com,Male,2014/07/17,France
Tiebout,Docker,tdocker3q@cyberchimps.com,Male,1998/11/23,Nigeria
Rorke,Byrne,rbyrne3r@wordpress.com,Male,1999/11/14,France
Aloisia,Pipes,apipes3s@wikispaces.com,Female,2016/11/02,Russia
Charlotta,Athey,cathey3t@yelp.com,Female,1999/11/28,Brazil
Marylynne,Bamforth,mbamforth3u@blogs.com,Female,2004/02/28,Philippines
Ado,Whitta,awhitta3v@over-blog.com,Male,2019/02/02,Turkmenistan
Mei,Cleeve,mcleeve3w@drupal.org,Female,2009/06/06,Indonesia
Wainwright,Broadist,wbroadist3x@ca.gov,Male,1993/07/11,Indonesia
Maggee,Wolver,mwolver3y@icq.com,Female,1994/08/25,Russia
Sandor,Trimmill,strimmill3z@sohu.com,Male,2000/05/07,Philippines
Claiborne,Steuhlmeyer,csteuhlmeyer40@addtoany.com,Male,2017/04/04,Latvia
Rand,Henriques,rhenriques41@umich.edu,Male,2005/07/27,Palestinian Territory
Wylie,Bigrigg,wbigrigg42@xrea.com,Male,1995/09/23,Norway
Raphael,Cromblehome,rcromblehome43@bing.com,Male,2005/11/10,China
Thom,Airlie,tairlie44@gnu.org,Male,1999/05/19,Sweden
Lorie,Svanini,lsvanini45@gravatar.com,Female,2007/11/16,Indonesia
Hedwiga,Oakenford,hoakenford46@yandex.ru,Female,2002/04/16,Russia
Mile,Van Cassel,mvancassel47@1688.com,Male,2015/05/29,China
Linea,Dewfall,ldewfall48@wikispaces.com,Female,2000/08/31,China
Margeaux,Goad,mgoad49@squarespace.com,Female,2013/12/03,Philippines
Lisette,Jaszczak,ljaszczak4a@ameblo.jp,Female,2011/09/04,Japan
Rad,Atack,ratack4b@theatlantic.com,Male,2003/03/02,Canada
Jeramie,Bartolomeoni,jbartolomeoni4c@github.io,Male,1998/01/30,Palestinian Territory
Tadeo,Durman,tdurman4d@berkeley.edu,Male,2007/09/19,China
Angelle,Mulqueeny,amulqueeny4e@dell.com,Female,2014/03/23,Canada
Therese,Estcot,testcot4f@shutterfly.com,Female,1998/02/07,Croatia
Pegeen,Wharram,pwharram4g@bluehost.com,Female,1996/09/03,South Korea
Winonah,Golagley,wgolagley4h@smh.com.au,Female,2000/09/26,Peru
Forest,Wrinch,fwrinch4i@bing.com,Male,2004/10/20,Ukraine
Cameron,Oles,coles4j@php.net,Male,1995/06/08,Poland
Malvina,Hardson,mhardson4k@yellowpages.com,Female,2009/10/16,Colombia
Tilda,Wrate,twrate4l@vkontakte.ru,Female,1996/05/12,China
Jamie,Urling,jurling4m@freewebs.com,Male,1995/07/08,United Arab Emirates
Deeanne,Thridgould,dthridgould4n@google.ru,Female,1994/07/29,Palestinian Territory
Osbert,Chazette,ochazette4o@nba.com,Male,2011/11/18,China
Antonin,Di Frisco,adifrisco4p@ebay.com,Male,2018/08/19,China
Erhart,Wonter,ewonter4q@cnn.com,Male,2010/06/01,Uganda
Marita,Peterkin,mpeterkin4r@yellowbook.com,Female,2016/12/23,Paraguay
Gae,Garrioch,ggarrioch4s@smh.com.au,Female,2010/08/17,Indonesia
Gilbert,Grayshon,ggrayshon4t@jiathis.com,Male,2002/11/04,Kazakhstan
Marjy,Bridgstock,mbridgstock4u@engadget.com,Female,2000/07/29,China
Cletis,Aspin,caspin4v@time.com,Male,1997/05/04,Russia
Arda,Burdett,aburdett4w@businessweek.com,Female,1998/10/06,Moldova
Guglielma,Wahlberg,gwahlberg4x@rakuten.co.jp,Female,2008/09/15,Cameroon
Felike,Liddel,fliddel4y@fema.gov,Male,1992/10/28,India
Christiane,Statham,cstatham4z@woothemes.com,Female,1999/08/02,Bolivia
Taddeo,Speedin,tspeedin50@weebly.com,Male,1990/11/29,Peru
Nancy,Bromwich,nbromwich51@cmu.edu,Female,2005/12/21,China
Ronna,McGragh,rmcgragh52@google.ca,Female,2015/03/08,China
Julee,Baskerfield,jbaskerfield53@ft.com,Female,2011/03/27,China
Hill,Darko,hdarko54@archive.org,Male,2000/11/12,Zimbabwe
Kizzee,Rohmer,krohmer55@mozilla.com,Female,1998/09/01,Poland
Ferdy,Guierre,fguierre56@comcast.net,Male,2004/07/21,Russia
Gina,Paskins,gpaskins57@360.cn,Female,2017/01/18,China
Reese,Rosedale,rrosedale58@sina.com.cn,Male,2001/05/30,Ukraine
Orelia,Murrthum,omurrthum59@photobucket.com,Female,2010/01/23,Colombia
Kingston,Pirolini,kpirolini5a@senate.gov,Male,2001/06/20,France
Franzen,Yakobowitz,fyakobowitz5b@wiley.com,Male,1999/08/28,China
Ekaterina,Wimpey,ewimpey5c@ebay.co.uk,Female,2015/12/14,Ethiopia
Matty,Grouen,mgrouen5d@discovery.com,Male,2007/04/23,Venezuela
Mariana,Regelous,mregelous5e@delicious.com,Female,2015/10/21,China
Ezra,Bennington,ebennington5f@networkadvertising.org,Male,1990/04/10,China
Annissa,Tuther,atuther5g@wordpress.org,Female,2007/06/26,Chile
Flint,Venour,fvenour5h@auda.org.au,Male,2017/06/02,China
Roberta,Bye,rbye5i@springer.com,Female,1995/05/28,Philippines
Darbie,Hemphrey,dhemphrey5j@sun.com,Female,2017/03/07,Poland
Feodor,Birchall,fbirchall5k@cpanel.net,Male,2004/09/14,China
Max,Starten,mstarten5l@cam.ac.uk,Male,1997/02/05,Switzerland
Otto,Kivits,okivits5m@biglobe.ne.jp,Male,1992/03/27,Greece
Shalna,Click,sclick5n@is.gd,Female,1990/08/26,Portugal
Patin,Attew,pattew5o@geocities.jp,Male,2015/06/23,China
Aurie,Januszkiewicz,ajanuszkiewicz5p@google.fr,Female,2018/01/15,Serbia
Clary,Dearl,cdearl5q@oaic.gov.au,Female,1998/05/10,China
Eachelle,Rolfs,erolfs5r@parallels.com,Female,1991/10/31,Indonesia
Cindie,Davidavidovics,cdavidavidovics5s@pcworld.com,Female,2008/12/22,Canada
Syman,Cotte,scotte5t@prweb.com,Male,1995/06/14,China
Livvie,Harnwell,lharnwell5u@mysql.com,Female,2011/11/01,Afghanistan
Rose,Rogliero,rrogliero5v@uiuc.edu,Female,2006/04/01,Mali
Garner,Haslegrave,ghaslegrave5w@mac.com,Male,2011/06/27,Philippines
Marissa,Rowston,mrowston5x@rambler.ru,Female,1996/02/13,Brazil
Herminia,Clery,hclery5y@uiuc.edu,Female,1996/11/15,Poland
Judy,Fosher,jfosher5z@google.nl,Female,1994/06/19,Indonesia
Ransom,Oaks,roaks60@addthis.com,Male,1994/06/22,Russia
Evered,Hackworth,ehackworth61@archive.org,Male,2013/02/06,Philippines
Abbe,Forseith,aforseith62@indiegogo.com,Male,2002/07/17,Mexico
Ernestine,Petracci,epetracci63@dailymotion.com,Female,2007/06/01,Indonesia
Jamima,Lacer,jlacer64@exblog.jp,Female,2002/05/27,Mexico
Loren,Jarrad,ljarrad65@cnet.com,Female,2007/07/20,Poland
Marne,Archanbault,marchanbault66@buzzfeed.com,Female,2015/06/16,Brazil
Hillie,Ferraro,hferraro67@google.com.br,Male,2002/04/17,United States
Kimmie,Eustis,keustis68@linkedin.com,Female,2002/08/18,China
Henrietta,Batisse,hbatisse69@1688.com,Female,2010/02/07,Poland
Joella,Stobo,jstobo6a@amazon.co.uk,Female,2006/09/06,Croatia
Thayne,Rantoul,trantoul6b@omniture.com,Male,1991/01/18,Yemen
Kissie,Winston,kwinston6c@yolasite.com,Female,1998/04/27,Vietnam
Freddie,Dahler,fdahler6d@seattletimes.com,Male,2000/08/04,Russia
Delly,Goudie,dgoudie6e@usatoday.com,Female,2004/06/16,Indonesia
Kay,Apthorpe,kapthorpe6f@rakuten.co.jp,Female,1991/10/16,Colombia
Rriocard,Leneve,rleneve6g@census.gov,Male,2008/08/16,Seychelles
Kayla,Pruce,kpruce6h@dropbox.com,Female,2018/01/22,Greece
Elvis,Locock,elocock6i@ucoz.com,Male,1998/10/14,Canada
Larry,Filipic,lfilipic6j@yandex.ru,Male,2015/01/26,Canada
Kimberley,Vinck,kvinck6k@gizmodo.com,Female,1999/02/11,Chile
Caryn,Jehan,cjehan6l@digg.com,Female,2001/01/14,United States
Ianthe,Francey,ifrancey6m@nytimes.com,Female,1995/01/15,Russia
Sheelah,Rojahn,srojahn6n@springer.com,Female,2018/12/26,Argentina
Thibaud,Brims,tbrims6o@cbc.ca,Male,2011/06/26,China
Raleigh,Torrance,rtorrance6p@admin.ch,Male,2011/08/19,Argentina
Leticia,Matthiesen,lmatthiesen6q@chronoengine.com,Female,1996/01/21,Venezuela
Chadd,Branscomb,cbranscomb6r@imdb.com,Male,1996/02/19,Poland
Rolfe,Broseke,rbroseke6s@soundcloud.com,Male,1996/06/18,China
Grier,Cattow,gcattow6t@tumblr.com,Female,2000/06/23,Honduras
Leoine,Bruty,lbruty6u@ted.com,Female,1994/12/29,China
Wilhelmina,Flear,wflear6v@slate.com,Female,1994/07/11,Indonesia
Viki,O'Downe,vodowne6w@msn.com,Female,2003/10/30,China
Oliy,Crippin,ocrippin6x@friendfeed.com,Female,2017/11/25,Portugal
Zorina,McIlvaney,zmcilvaney6y@xinhuanet.com,Female,1995/11/11,Palestinian Territory
Deidre,Mughal,dmughal6z@wikia.com,Female,1991/01/31,Canada
Heida,Beaman,hbeaman70@mac.com,Female,2000/06/27,Indonesia
Blair,Ostridge,bostridge71@google.co.jp,Male,1998/11/08,Pakistan
Valera,Bater,vbater72@goo.gl,Female,2011/06/26,Argentina
Mariejeanne,Flowerden,mflowerden73@altervista.org,Female,2003/04/28,Yemen
Addie,Lickorish,alickorish74@alexa.com,Male,2010/03/17,Sweden
Ferdy,Courtes,fcourtes75@4shared.com,Male,1997/09/20,Brazil
Anatollo,Roseman,aroseman76@fema.gov,Male,2010/06/22,Russia
Barty,Dowzell,bdowzell77@godaddy.com,Male,2011/06/15,Belarus
Odo,Cammock,ocammock78@elpais.com,Male,1997/07/19,China
Rowen,Sire,rsire79@dmoz.org,Male,2010/03/11,Japan
Hazlett,Ebbs,hebbs7a@imageshack.us,Male,2003/02/16,Myanmar
Angela,Vossing,avossing7b@usgs.gov,Female,2012/08/08,China
Marissa,Clinning,mclinning7c@pinterest.com,Female,1993/11/16,China
Madelaine,Ganniclifft,mganniclifft7d@mysql.com,Female,1992/05/14,China
Vivienne,Lindro,vlindro7e@reuters.com,Female,2008/09/05,Brazil
Laurette,Sheron,lsheron7f@spiegel.de,Female,2012/10/23,China
Kasper,Finlason,kfinlason7g@blogspot.com,Male,2011/02/03,China
Lorinda,Ehrat,lehrat7h@cdc.gov,Female,2017/10/10,Bulgaria
Jefferey,Huntall,jhuntall7i@yellowpages.com,Male,2016/08/29,Indonesia
Mindy,Scotson,mscotson7j@dion.ne.jp,Female,2000/03/03,Poland
Free,Gommery,fgommery7k@businessweek.com,Male,2004/08/05,Mexico
Berte,Grinyakin,bgrinyakin7l@huffingtonpost.com,Female,2019/01/11,Morocco
Giffard,Caughtry,gcaughtry7m@toplist.cz,Male,2016/10/24,Anguilla
Tris,Wegener,twegener7n@wisc.edu,Male,2015/03/12,France
Olly,Bolter,obolter7o@wiley.com,Female,2007/07/31,China
Sibilla,Biddleston,sbiddleston7p@newsvine.com,Female,1995/02/15,China
Julina,McCurley,jmccurley7q@vk.com,Female,2011/10/23,Russia
Duncan,Caruth,dcaruth7r@sitemeter.com,Male,2006/09/06,Russia
Livvy,Boreland,lboreland7s@domainmarket.com,Female,1991/06/22,China
Cathrin,Grombridge,cgrombridge7t@msu.edu,Female,2016/10/31,Brazil
Avis,Sedgeman,asedgeman7u@arizona.edu,Female,2007/05/14,Indonesia
Elvera,Mulleary,emulleary7v@adobe.com,Female,2013/05/16,Italy
Cletis,Duddle,cduddle7w@usnews.com,Male,2006/03/24,Thailand
Cesaro,Thorius,cthorius7x@cnet.com,Male,1994/10/03,Philippines
Esra,Angove,eangove7y@shareasale.com,Male,2010/08/31,France
Samara,Pensom,spensom7z@ycombinator.com,Female,2013/04/05,Philippines
Tracie,Noraway,tnoraway80@nasa.gov,Female,1996/05/04,Peru
Berni,Issitt,bissitt81@netvibes.com,Female,1995/02/07,Luxembourg
Freddie,Messruther,fmessruther82@dion.ne.jp,Female,2007/04/10,Indonesia
Norman,Cail,ncail83@ox.ac.uk,Male,2008/10/29,United States
Anna-diane,Trobridge,atrobridge84@wordpress.org,Female,2009/01/09,Greece
Camila,Wooddisse,cwooddisse85@ox.ac.uk,Female,2003/05/11,Indonesia
Brandea,Tousy,btousy86@dailymail.co.uk,Female,1994/10/31,United States
Koressa,Karp,kkarp87@etsy.com,Female,2002/11/25,Ukraine
Addy,Skayman,askayman88@admin.ch,Female,2019/01/21,China
Dixie,Cordrey,dcordrey89@networkadvertising.org,Female,1995/06/01,Ukraine
Kare,Watkiss,kwatkiss8a@eventbrite.com,Female,1996/10/23,China
Gerry,Klagges,gklagges8b@auda.org.au,Male,2015/10/15,Venezuela
Daryl,Nisuis,dnisuis8c@jiathis.com,Female,1997/10/02,Finland
Karlens,Tomaini,ktomaini8d@businessweek.com,Male,2003/05/28,Russia
Moore,Attenbrough,mattenbrough8e@paypal.com,Male,1995/08/26,China
Willabella,People,wpeople8f@yahoo.co.jp,Female,2015/03/31,China
Christos,Smitherman,csmitherman8g@amazon.com,Male,2005/06/04,Tanzania
Kristofor,Thickett,kthickett8h@etsy.com,Male,2010/11/18,Trinidad and Tobago
Gustaf,Brydie,gbrydie8i@samsung.com,Male,2005/01/28,Madagascar
Moria,Shrawley,mshrawley8j@thetimes.co.uk,Female,2002/06/08,Ukraine
Marielle,Leftly,mleftly8k@reddit.com,Female,1992/04/21,Nepal
Antonio,Philimore,aphilimore8l@hao123.com,Male,2015/11/16,Syria
Mikkel,Flement,mflement8m@storify.com,Male,2003/01/12,Indonesia
Carter,Di Pietro,cdipietro8n@spiegel.de,Male,1991/05/07,Ethiopia
Flory,Kibby,fkibby8o@fastcompany.com,Male,1994/08/03,Thailand
Pansy,Evreux,pevreux8p@netlog.com,Female,2016/08/14,Poland
Selig,Casserly,scasserly8q@vkontakte.ru,Male,1992/04/07,Portugal
Julee,O'Towey,jotowey8r@instagram.com,Female,2010/03/16,Thailand
Jamie,Valti,jvalti8s@kickstarter.com,Male,2001/03/09,Poland
Denver,Demaid,ddemaid8t@merriam-webster.com,Male,2005/12/29,Honduras
Claudianus,Fitzsimon,cfitzsimon8u@artisteer.com,Male,1993/08/24,Portugal
Leese,Ollett,lollett8v@harvard.edu,Female,1997/06/29,Portugal
Silvain,Hendrix,shendrix8w@symantec.com,Male,2004/05/23,China
Susana,Such,ssuch8x@goodreads.com,Female,1998/01/24,Belarus
Martie,Simonou,msimonou8y@geocities.com,Male,2000/11/09,Slovenia
Cathyleen,Eustes,ceustes8z@moonfruit.com,Female,2006/09/29,Brazil
Ruggiero,Carlan,rcarlan90@addthis.com,Male,2012/08/05,Indonesia
Gregory,Tie,gtie91@prweb.com,Male,2002/04/03,Indonesia
Chickie,Emslie,cemslie92@jugem.jp,Female,2012/12/24,Ukraine
Sandy,Ivchenko,sivchenko93@photobucket.com,Female,2015/06/23,Philippines
Theressa,Tallowin,ttallowin94@go.com,Female,2009/10/21,China
Levin,Stern,lstern95@studiopress.com,Male,2010/08/27,China
Si,Leedes,sleedes96@w3.org,Male,2005/10/16,Philippines
Findley,Jeary,fjeary97@ustream.tv,Male,2009/09/22,Russia
Antoni,Mailes,amailes98@tripadvisor.com,Male,2015/07/31,China
Cathy,Gelland,cgelland99@phoca.cz,Female,1993/11/14,Mexico
Norrie,Heathwood,nheathwood9a@vistaprint.com,Female,1993/02/20,Belarus
Neysa,Jorry,njorry9b@ning.com,Female,1995/05/09,Brazil
Vassili,McCory,vmccory9c@cafepress.com,Male,2001/12/20,Russia
Joaquin,Dispencer,jdispencer9d@bbc.co.uk,Male,2004/01/13,Ukraine
Jamey,Codman,jcodman9e@youtube.com,Male,2003/05/26,Russia
Candis,Ortes,cortes9f@kickstarter.com,Female,1990/07/06,Russia
Dael,Jepperson,djepperson9g@wikimedia.org,Male,1994/03/11,Malaysia
Gabi,Greenrodd,ggreenrodd9h@home.pl,Male,1996/06/25,United States
Shayne,Whenham,swhenham9i@twitter.com,Male,1999/01/21,China
Susie,Kaliszewski,skaliszewski9j@mapy.cz,Female,2004/08/17,Nigeria
Tessie,Corbally,tcorbally9k@xrea.com,Female,1993/08/26,United States
Ulises,Buckner,ubuckner9l@mail.ru,Male,2017/02/20,Czech Republic
Martguerita,Cutler,mcutler9m@businesswire.com,Female,2017/01/19,China
Adelice,Doll,adoll9n@icq.com,Female,1994/04/08,Czech Republic
Donia,Haps,dhaps9o@studiopress.com,Female,2011/10/03,Taiwan
Currie,Hayfield,chayfield9p@dedecms.com,Male,2018/02/07,Russia
Melisenda,Guyonnet,mguyonnet9q@prlog.org,Female,2012/02/09,Philippines
Ethelyn,McAneny,emcaneny9r@webnode.com,Female,1996/08/12,Brazil
Morey,Doncom,mdoncom9s@tmall.com,Male,1992/10/21,Czech Republic
Rickie,Cawthorn,rcawthorn9t@livejournal.com,Male,2012/10/24,Italy
Amelia,Joslyn,ajoslyn9u@marriott.com,Female,2001/08/01,Indonesia
Fairlie,Squibbs,fsquibbs9v@indiegogo.com,Male,2009/02/24,Philippines
Ania,Kift,akift9w@icio.us,Female,2016/07/04,Indonesia
Towney,Lum,tlum9x@360.cn,Male,2003/02/07,Sweden
Karola,Nunson,knunson9y@blogtalkradio.com,Female,1999/05/20,Cape Verde
Gerianne,Peidro,gpeidro9z@flickr.com,Female,1991/05/23,Mongolia
Bride,Kolis,bkolisa0@wix.com,Female,1995/08/09,China
Burg,Jerred,bjerreda1@miitbeian.gov.cn,Male,2017/08/12,Poland
Demott,Hassent,dhassenta2@mac.com,Male,2011/08/13,Paraguay
Kendal,Whittleton,kwhittletona3@unc.edu,Male,2004/10/15,Indonesia
Rozanna,Andrichak,randrichaka4@house.gov,Female,1990/11/24,France
Jenelle,Finlayson,jfinlaysona5@msu.edu,Female,1994/07/04,France
Justino,Pockey,jpockeya6@vkontakte.ru,Male,2000/12/05,Croatia
Cherin,Allcoat,callcoata7@google.de,Female,1992/08/16,Poland
Yule,Taylder,ytayldera8@nhs.uk,Male,2005/04/16,China
Bevan,Udden,buddena9@soundcloud.com,Male,2005/02/20,Serbia
Bogey,Forlonge,bforlongeaa@posterous.com,Male,2011/08/27,Peru
Hephzibah,Galletley,hgalletleyab@dion.ne.jp,Female,2003/01/30,Botswana
Brandie,Petracek,bpetracekac@upenn.edu,Female,2018/12/20,Indonesia
Koenraad,Station,kstationad@dell.com,Male,2014/10/25,China
Jilleen,Delaprelle,jdelaprelleae@marriott.com,Female,2012/07/22,Kenya
Decca,Wilsone,dwilsoneaf@washington.edu,Male,2011/06/08,Russia
Donnajean,Grier,dgrierag@xrea.com,Female,2003/07/11,Ukraine
Cobby,Dear,cdearah@nifty.com,Male,2000/08/12,Indonesia
Hollyanne,Hallahan,hhallahanai@purevolume.com,Female,2018/02/11,Uganda
Toni,Spikins,tspikinsaj@t-online.de,Female,2001/12/31,China
Ara,Tuma,atumaak@amazon.co.uk,Female,2016/03/01,Switzerland
Basil,Biggar,bbiggaral@vistaprint.com,Male,1992/10/25,Brazil
Yolane,Daintrey,ydaintreyam@cbsnews.com,Female,2012/03/04,Mexico
Heidi,Menear,hmenearan@adobe.com,Female,2018/05/29,Indonesia
Romeo,Blaver,rblaverao@clickbank.net,Male,2002/08/03,China
Arri,Canape,acanapeap@4shared.com,Male,2008/09/21,Poland
Erwin,Lourens,elourensaq@ucoz.com,Male,2006/08/25,Sweden
Tobit,Passler,tpasslerar@nytimes.com,Male,2010/02/22,Philippines
Corey,Carefull,ccarefullas@google.ru,Male,2018/07/05,Pakistan
Ellerey,Mark,emarkat@typepad.com,Male,1994/12/08,Indonesia
Lidia,Lottrington,llottringtonau@51.la,Female,1999/08/21,Russia
Antonella,Lyffe,alyffeav@4shared.com,Female,1996/07/23,Norway
Mattheus,Ellesworth,mellesworthaw@posterous.com,Male,1992/01/28,United States
Joannes,Habben,jhabbenax@ezinearticles.com,Female,2008/04/14,Dominican Republic
Kleon,Wooffinden,kwooffindenay@google.cn,Male,1997/04/06,Philippines
Alexandro,Clabburn,aclabburnaz@smh.com.au,Male,2014/10/01,Indonesia
Pattie,Ickowicz,pickowiczb0@huffingtonpost.com,Female,2009/12/19,Bulgaria
Emmerich,Pealing,epealingb1@wikimedia.org,Male,1994/04/30,Jordan
Ynes,Rawstorne,yrawstorneb2@alibaba.com,Female,1994/06/12,Russia
Orelee,Antonomolii,oantonomoliib3@weibo.com,Female,1994/12/29,China
Timi,Kerby,tkerbyb4@multiply.com,Female,1996/07/27,Afghanistan
Mose,Scoble,mscobleb5@weebly.com,Male,2017/05/22,Philippines
Janela,Pickless,jpicklessb6@tuttocitta.it,Female,2017/03/22,Sweden
Rowland,Dyhouse,rdyhouseb7@slashdot.org,Male,2003/12/26,China
Devonne,Beadnall,dbeadnallb8@csmonitor.com,Female,2005/05/07,Brazil
Roddie,Nickolls,rnickollsb9@vkontakte.ru,Male,2013/10/02,Sweden
Verla,Millery,vmilleryba@last.fm,Female,1992/06/02,North Korea
Brett,Berney,bberneybb@latimes.com,Female,2013/08/04,Poland
Larina,Danielsen,ldanielsenbc@bandcamp.com,Female,1994/09/15,Indonesia
Farly,Caruth,fcaruthbd@1688.com,Male,2007/12/19,Russia
Aurilia,Brade,abradebe@auda.org.au,Female,2014/01/25,South Africa
Nicko,Witcherley,nwitcherleybf@imageshack.us,Male,2001/10/19,China
Jimmie,McRill,jmcrillbg@weather.com,Male,2018/11/24,Bermuda
Belle,Huncoot,bhuncootbh@home.pl,Female,2000/04/29,Zambia
Doll,Mobberley,dmobberleybi@dropbox.com,Female,2010/10/16,Russia
Carny,Parnham,cparnhambj@friendfeed.com,Male,2000/10/06,United States
Zechariah,Kernley,zkernleybk@npr.org,Male,1999/11/11,Ireland
Lucius,Sidary,lsidarybl@ed.gov,Male,2004/01/12,Poland
Duncan,Coote,dcootebm@oracle.com,Male,1993/09/12,China
Michal,Cleife,mcleifebn@admin.ch,Male,2014/08/07,United States
Carmon,Arndt,carndtbo@amazon.co.jp,Female,1995/08/28,Belarus
Chaim,Franken,cfrankenbp@mozilla.com,Male,2012/06/01,Burundi
Moe,Enocksson,menockssonbq@delicious.com,Male,2015/07/22,Mayotte
Randell,Eyton,reytonbr@chron.com,Male,2014/01/02,Indonesia
Ilyse,Sinfield,isinfieldbs@ucoz.ru,Female,2016/05/12,Indonesia
Leland,Predohl,lpredohlbt@senate.gov,Male,1996/04/27,Ukraine
Hartley,Coultar,hcoultarbu@senate.gov,Male,2006/07/06,Russia
Vassili,McNay,vmcnaybv@prweb.com,Male,2006/10/16,Portugal
Vassili,Davis,vdavisbw@home.pl,Male,2010/05/19,Indonesia
Arni,Rosbottom,arosbottombx@51.la,Male,2014/03/03,Mexico
Oberon,Seccombe,oseccombeby@vk.com,Male,2008/07/21,Iran
Helge,Jaume,hjaumebz@tamu.edu,Female,2016/09/27,Palestinian Territory
Klement,Scriver,kscriverc0@pcworld.com,Male,1998/08/11,Russia
Harris,Studart,hstudartc1@nifty.com,Male,2001/03/16,Cape Verde
Leonhard,Withull,lwithullc2@netvibes.com,Male,2002/08/19,China
Fons,Bartzen,fbartzenc3@mashable.com,Male,2000/11/23,Albania
Wallas,Dudny,wdudnyc4@netscape.com,Male,1998/11/11,Indonesia
Annabal,Olivo,aolivoc5@bandcamp.com,Female,2017/03/03,China
Rog,McGonnell,rmcgonnellc6@jimdo.com,Male,2001/03/23,Greece
Harmonia,Dicte,hdictec7@123-reg.co.uk,Female,2005/05/12,Brazil
Marianna,Keatch,mkeatchc8@cisco.com,Female,2017/12/19,Spain
Saundra,Lampens,slampensc9@theatlantic.com,Female,2016/08/19,United States
Winnie,Waye,wwayeca@slate.com,Male,1994/12/09,Indonesia
Roseann,Stoppard,rstoppardcb@newsvine.com,Female,2003/12/10,Russia
Don,Denyukin,ddenyukincc@woothemes.com,Male,2010/04/11,Malaysia
Jacquenette,Goldsby,jgoldsbycd@forbes.com,Female,2006/11/09,Netherlands
Odella,MacAlester,omacalesterce@slideshare.net,Female,2009/07/24,Mauritania
Shel,Novakovic,snovakoviccf@admin.ch,Female,1998/12/27,Russia
Merrile,Janiszewski,mjaniszewskicg@home.pl,Female,2005/11/11,Ivory Coast
Mannie,Ferrieroi,mferrieroich@twitpic.com,Male,1999/11/24,Indonesia
Rhodia,Stoodale,rstoodaleci@blog.com,Female,2008/12/28,Spain
Pincas,Cuesta,pcuestacj@bloomberg.com,Male,2001/09/27,Afghanistan
Jefferey,Silvermann,jsilvermannck@w3.org,Male,1995/05/24,Norway
Tarrah,Browse,tbrowsecl@goo.gl,Female,2009/12/26,Japan
Hi,Kures,hkurescm@springer.com,Male,1995/08/30,Lithuania
Kellsie,Hearnes,khearnescn@so-net.ne.jp,Female,2019/02/08,Sweden
Pattie,Rue,prueco@va.gov,Male,2013/11/20,East Timor
Joyan,Clemot,jclemotcp@simplemachines.org,Female,1992/07/02,Bulgaria
Ceciley,Abdey,cabdeycq@ox.ac.uk,Female,1996/05/01,China
Bessy,Hartil,bhartilcr@admin.ch,Female,2002/03/27,Russia
Hettie,Baudassi,hbaudassics@usda.gov,Female,2005/10/05,Indonesia
Seth,Castells,scastellsct@unesco.org,Male,2007/03/28,Philippines
Morganne,Attenborrow,mattenborrowcu@abc.net.au,Female,1997/06/23,Russia
Phylis,Capron,pcaproncv@drupal.org,Female,1995/11/16,Uzbekistan
Hall,Prine,hprinecw@reddit.com,Male,1995/07/09,Cuba
Bernie,McKnockiter,bmcknockitercx@constantcontact.com,Female,1995/05/07,Philippines
Clemmie,Meyrick,cmeyrickcy@merriam-webster.com,Male,2011/10/13,Indonesia
Nancey,Moorcroft,nmoorcroftcz@flavors.me,Female,2000/01/03,Norway
Moyra,Geistmann,mgeistmannd0@constantcontact.com,Female,2017/06/06,Indonesia
Nikola,Spellward,nspellwardd1@instagram.com,Male,1995/07/02,Vietnam
Nadiya,Ginn,nginnd2@com.com,Female,1990/12/22,Philippines
Elmo,Peacher,epeacherd3@mapquest.com,Male,1995/07/27,Guinea-Bissau
Max,Presdee,mpresdeed4@blogtalkradio.com,Female,2016/07/07,China
Billy,Dolling,bdollingd5@cbsnews.com,Female,1995/12/06,Russia
Lowe,Sylvaine,lsylvained6@cafepress.com,Male,2010/05/06,Venezuela
Gerry,Boxell,gboxelld7@google.it,Male,2011/06/21,Tajikistan
Allie,Melbert,amelbertd8@unc.edu,Female,2018/08/27,France
Clem,Gentry,cgentryd9@harvard.edu,Male,1990/05/23,China
August,Wortley,awortleyda@jimdo.com,Male,2010/07/29,Brazil
Milena,Gridon,mgridondb@ed.gov,Female,1998/10/17,Saudi Arabia
Clio,Nickels,cnickelsdc@reverbnation.com,Female,2009/05/19,China
Normie,Buchanan,nbuchanandd@themeforest.net,Male,1999/10/10,Poland
Rae,Peaddie,rpeaddiede@rambler.ru,Female,2017/10/10,China
Lizbeth,Mara,lmaradf@vkontakte.ru,Female,2014/04/26,China
Read,Karpol,rkarpoldg@npr.org,Male,1990/09/05,China
Gar,Robardley,grobardleydh@stumbleupon.com,Male,2008/05/14,United States
Allister,Thowes,athowesdi@opera.com,Male,1991/07/20,Finland
Norma,Trowel,ntroweldj@t.co,Female,1993/08/17,Colombia
Waldemar,Greenly,wgreenlydk@usa.gov,Male,1992/07/17,Ukraine
Humfrid,Shenton,hshentondl@goo.gl,Male,2007/09/17,Croatia
Garv,Killich,gkillichdm@unicef.org,Male,2017/02/20,China
Delmer,Seedull,dseedulldn@delicious.com,Male,1996/12/18,China
Britt,Ruby,brubydo@1688.com,Male,2009/08/02,Portugal
Kevyn,Fountaine,kfountainedp@narod.ru,Female,2015/01/10,Ukraine
Jasper,O'Neill,joneilldq@jimdo.com,Male,2005/05/29,China
Mose,Mulhill,mmulhilldr@1und1.de,Male,2002/05/21,Samoa
Meade,Abramino,mabraminods@dmoz.org,Female,1994/01/05,Russia
Lonnard,Shemmin,lshemmindt@scribd.com,Male,2015/01/30,China
Carson,Stonman,cstonmandu@odnoklassniki.ru,Male,1994/03/06,China
Wye,Caldicott,wcaldicottdv@slashdot.org,Male,2004/06/06,China
Tana,Laraway,tlarawaydw@usda.gov,Female,1999/09/25,Reunion
Elvyn,Darville,edarvilledx@printfriendly.com,Male,1992/06/09,Montenegro
Niels,Collinge,ncollingedy@whitehouse.gov,Male,1996/07/03,Poland
Rustin,Keningley,rkeningleydz@webmd.com,Male,2002/04/22,Zambia
Drugi,Kisting,dkistinge0@xrea.com,Male,1997/06/26,Russia
Fanny,McDowell,fmcdowelle1@time.com,Female,2002/03/30,Poland
Ferris,Blackaller,fblackallere2@nih.gov,Male,2016/05/08,Portugal
Reider,Buddles,rbuddlese3@webeden.co.uk,Male,2004/09/15,Guatemala
Oliver,Ogbourne,oogbournee4@cisco.com,Male,2013/10/16,Czech Republic
Catlee,Hards,chardse5@smh.com.au,Female,2000/07/19,Indonesia
Barbe,Condell,bcondelle6@plala.or.jp,Female,2002/12/16,Russia
Evangelin,Piggford,epiggforde7@yellowbook.com,Female,2004/05/01,San Marino
Mareah,Pien,mpiene8@hibu.com,Female,2003/04/14,China
Laurette,Spurnier,lspurniere9@mysql.com,Female,2011/06/07,Ukraine
Robbie,Ephson,rephsonea@g.co,Female,2001/09/24,China
Tamarra,Beringer,tberingereb@shinystat.com,Female,1997/06/12,Finland
Melita,McNelis,mmcnelisec@cbslocal.com,Female,2006/02/13,Serbia
Merlina,Tylor,mtylored@odnoklassniki.ru,Female,2004/07/15,Syria
Wyatan,Rubenovic,wrubenovicee@mtv.com,Male,2018/12/08,Indonesia
Leodora,Choules,lchoulesef@chicagotribune.com,Female,2013/04/15,Cameroon
Caryl,Elger,celgereg@godaddy.com,Female,2015/12/24,China
Saloma,McGreay,smcgreayeh@angelfire.com,Female,1995/03/04,Ukraine
Kristoforo,Siggins,ksigginsei@go.com,Male,2001/06/12,United States
Roderic,Mabbutt,rmabbuttej@nba.com,Male,1995/12/24,Indonesia
Shoshana,Bortolotti,sbortolottiek@dot.gov,Female,1993/05/31,Kenya
Tabbie,Esome,tesomeel@google.com,Male,2018/12/14,Brazil
Mireille,Winram,mwinramem@google.ca,Female,1998/01/17,Japan
Karilynn,Symington,ksymingtonen@tinypic.com,Female,1996/05/11,China
Nicki,Bowdidge,nbowdidgeeo@nymag.com,Female,2012/05/28,France
Nahum,Batrim,nbatrimep@bandcamp.com,Male,2018/09/29,Peru
Netta,Steade,nsteadeeq@mysql.com,Female,1997/09/24,Indonesia
Jenifer,Glitherow,jglitherower@disqus.com,Female,2010/03/07,Colombia
Gerhardt,Raxworthy,graxworthyes@vimeo.com,Male,2012/03/24,Bosnia and Herzegovina
Mandie,Philbin,mphilbinet@furl.net,Female,2006/01/29,Guatemala
Filbert,Vickers,fvickerseu@yolasite.com,Male,1992/07/26,Mongolia
Merissa,Nevet,mnevetev@ow.ly,Female,2017/06/17,Bulgaria
Nadeen,Eakin,neakinew@blogs.com,Female,2015/07/29,Slovenia
Rickert,Ebhardt,rebhardtex@creativecommons.org,Male,1998/06/22,Armenia
Boy,Rossetti,brossettiey@google.cn,Male,2003/12/31,France
Kathi,Albin,kalbinez@spiegel.de,Female,1992/11/07,China
Austen,Peddar,apeddarf0@webeden.co.uk,Male,1993/07/19,Sweden
Frank,Dantesia,fdantesiaf1@ftc.gov,Female,2016/03/26,Greece
Tobey,Thursfield,tthursfieldf2@cdbaby.com,Female,2000/05/20,Slovenia
Archaimbaud,Sibylla,asibyllaf3@vkontakte.ru,Male,2000/05/08,Thailand
Uriel,Greder,ugrederf4@cbc.ca,Male,2007/12/09,China
Angelina,Yerrell,ayerrellf5@bigcartel.com,Female,2017/01/26,Philippines
Lannie,Ronchi,lronchif6@virginia.edu,Male,1996/07/25,China
Alvira,Sanderson,asandersonf7@whitehouse.gov,Female,1994/02/18,Colombia
Bunni,Treske,btreskef8@ezinearticles.com,Female,1999/06/23,Philippines
Tiffie,Lanphier,tlanphierf9@wisc.edu,Female,1998/07/28,China
Rosalinde,Bradlaugh,rbradlaughfa@oakley.com,Female,2010/08/09,Egypt
Celestyna,Brignell,cbrignellfb@jimdo.com,Female,2010/11/02,China
Audre,Worssam,aworssamfc@shop-pro.jp,Female,2014/03/18,China
Donnamarie,Castillo,dcastillofd@amazonaws.com,Female,2008/10/29,Russia
Esther,Leinster,eleinsterfe@gizmodo.com,Female,2018/08/13,Indonesia
Perceval,Gounin,pgouninff@blogger.com,Male,2016/01/13,China
Tristam,Harbron,tharbronfg@mtv.com,Male,2003/09/10,Philippines
Mickey,Fugere,mfugerefh@vkontakte.ru,Male,2007/08/06,Indonesia
Cori,Demelt,cdemeltfi@uiuc.edu,Male,1996/05/30,China
Karalee,Perrot,kperrotfj@comsenz.com,Female,2003/12/13,Japan
Mac,Glading,mgladingfk@imageshack.us,Male,1998/05/22,China
Chester,Welbrock,cwelbrockfl@twitter.com,Male,2000/05/17,Poland
Kevina,Beloe,kbeloefm@rakuten.co.jp,Female,2018/11/25,Sweden
Kendricks,Procter,kprocterfn@accuweather.com,Male,2004/09/18,China
Gerri,Bolino,gbolinofo@unblog.fr,Male,1996/06/19,Portugal
Yance,Zincke,yzinckefp@163.com,Male,2000/06/14,Indonesia
Kiley,Askey,kaskeyfq@adobe.com,Male,1996/05/09,Central African Republic
Shandeigh,Shawe,sshawefr@blog.com,Female,1990/05/10,Greece
Frankie,Morman,fmormanfs@stanford.edu,Female,2014/04/16,Mexico
Fee,Chansonne,fchansonneft@weather.com,Male,2010/11/04,Tanzania
Priscella,Asson,passonfu@virginia.edu,Female,2008/11/25,Nigeria
Karleen,Quinn,kquinnfv@oracle.com,Female,1999/10/30,China
Collie,Pleven,cplevenfw@chicagotribune.com,Female,2014/11/12,Thailand
Kiersten,Pancoast,kpancoastfx@indiatimes.com,Female,2001/04/27,Vietnam
Karlie,Missington,kmissingtonfy@t.co,Female,2007/04/14,China
Marys,Blakiston,mblakistonfz@chicagotribune.com,Female,2016/01/19,Poland
Lauraine,Hazeltine,lhazeltineg0@businessinsider.com,Female,2007/03/16,Azerbaijan
Shaun,Stodd,sstoddg1@gravatar.com,Male,1997/09/21,Vietnam
Wallis,Pele,wpeleg2@reverbnation.com,Male,1995/05/25,Finland
Jillene,Kingdon,jkingdong3@ebay.com,Female,2009/03/11,Portugal
Sandor,Van der Hoeven,svanderhoeveng4@sourceforge.net,Male,2010/07/29,Moldova
Shirl,Clement,sclementg5@istockphoto.com,Female,2014/08/14,Ukraine
Nona,Riccelli,nriccellig6@canalblog.com,Female,2002/10/08,Egypt
Noach,Crabtree,ncrabtreeg7@nbcnews.com,Male,1999/03/12,Tanzania
Nelson,Balmadier,nbalmadierg8@pagesperso-orange.fr,Male,1997/01/14,Finland
Agata,Carlton,acarltong9@whitehouse.gov,Female,2009/05/05,China
Kamillah,Bentley,kbentleyga@phpbb.com,Female,1997/04/03,China
Heath,Luca,hlucagb@cbslocal.com,Male,2004/01/22,Canada
Malanie,Hutley,mhutleygc@devhub.com,Female,2006/01/19,Brazil
Trudi,Veysey,tveyseygd@umn.edu,Female,2010/06/10,China
Raven,Brandon,rbrandonge@msu.edu,Female,1995/08/19,Indonesia
Care,Garrity,cgarritygf@addtoany.com,Male,1997/05/14,Yemen
Evelyn,Hamprecht,ehamprechtgg@state.tx.us,Male,2009/04/10,Kazakhstan
Sacha,Thunder,sthundergh@comsenz.com,Female,1996/09/15,China
Nefen,O'Keefe,nokeefegi@godaddy.com,Male,1995/01/19,Greece
Hinda,Donalson,hdonalsongj@nsw.gov.au,Female,2003/03/24,Pakistan
Lavinie,Fawltey,lfawlteygk@nhs.uk,Female,2000/04/02,Netherlands
Adora,Poynton,apoyntongl@google.com.br,Female,2000/02/10,Italy
Anett,Jaquemar,ajaquemargm@umich.edu,Female,1997/01/01,Croatia
Tracee,Shreenan,tshreenangn@yolasite.com,Female,2000/01/24,Argentina
Lara,Allner,lallnergo@google.ca,Female,2001/06/03,France
Janka,Dodle,jdodlegp@vinaora.com,Female,1994/10/24,China
Thorin,Lasham,tlashamgq@github.io,Male,2012/01/17,Portugal
Celestina,Rooper,croopergr@tamu.edu,Female,2001/11/02,Brazil
Edouard,Major,emajorgs@psu.edu,Male,1995/06/21,South Korea
Bordy,Le Sarr,blesarrgt@tripod.com,Male,1999/01/11,France
Mikol,Windybank,mwindybankgu@spiegel.de,Male,1997/08/11,Philippines
Felic,Mogra,fmogragv@amazon.co.uk,Male,1996/02/11,China
Darlene,Carbry,dcarbrygw@1688.com,Female,2006/05/04,Tunisia
Eamon,Chanders,echandersgx@stumbleupon.com,Male,2003/02/06,Guatemala
Lyndell,Brame,lbramegy@angelfire.com,Female,2009/03/25,Indonesia
Stuart,Duding,sdudinggz@wisc.edu,Male,2000/06/29,China
Domenic,Clausen-Thue,dclausenthueh0@un.org,Male,2004/01/08,China
Vale,Culverhouse,vculverhouseh1@ibm.com,Female,2009/07/02,Luxembourg
Amandi,Clacson,aclacsonh2@answers.com,Female,2016/11/09,Philippines
Lauren,Kayes,lkayesh3@paypal.com,Female,1999/10/26,China
Jamaal,Ong,jongh4@auda.org.au,Male,2012/10/25,Afghanistan
Joeann,Braundt,jbraundth5@hugedomains.com,Female,2000/10/09,Russia
Evangelina,Richard,erichardh6@cisco.com,Female,2016/06/19,Indonesia
Jareb,Gaiford,jgaifordh7@scribd.com,Male,2015/02/24,Ukraine
Thorny,Yakolev,tyakolevh8@gnu.org,Male,2002/07/25,China
Sibelle,Olexa,solexah9@webs.com,Female,1995/11/22,Brazil
Emmott,Parham,eparhamha@bigcartel.com,Male,2004/06/13,Japan
Yehudi,Kubik,ykubikhb@barnesandnoble.com,Male,1990/05/17,Venezuela
Monroe,Janos,mjanoshc@utexas.edu,Male,1999/02/09,Sweden
Blithe,Catherine,bcatherinehd@g.co,Female,1993/02/21,Indonesia
Hailee,Wickwarth,hwickwarthhe@hatena.ne.jp,Female,2018/02/22,France
Deerdre,Crotty,dcrottyhf@acquirethisname.com,Female,2016/07/17,Poland
Darius,Leggen,dleggenhg@de.vu,Male,1998/08/29,Portugal
Ferrel,Swin,fswinhh@ca.gov,Male,1991/10/21,Philippines
Ugo,Avramovic,uavramovichi@dailymail.co.uk,Male,2001/02/28,Indonesia
Carline,Lieber,clieberhj@163.com,Female,2012/05/04,Indonesia
Frasquito,Jouannot,fjouannothk@berkeley.edu,Male,2007/01/10,China
Kerrie,McGlew,kmcglewhl@gmpg.org,Female,2000/07/06,Sweden
Modestia,Currin,mcurrinhm@bloglines.com,Female,2004/11/15,Poland
Ragnar,Calladine,rcalladinehn@taobao.com,Male,2015/06/19,Russia
Glynn,Marunchak,gmarunchakho@timesonline.co.uk,Male,1994/04/13,France
Stearne,Prozescky,sprozesckyhp@abc.net.au,Male,2018/12/21,China
Illa,Jansens,ijansenshq@com.com,Female,2014/05/05,Vietnam
Pete,Cristea,pcristeahr@dyndns.org,Male,2006/08/16,Colombia
Benedict,Dymick,bdymickhs@hud.gov,Male,1997/03/08,Argentina
Ben,Han,bhanht@mlb.com,Male,2010/07/12,Czech Republic
Davidde,Franken,dfrankenhu@youtube.com,Male,2000/09/22,Belarus
Aviva,Tilzey,atilzeyhv@arizona.edu,Female,2002/09/25,China
Meridel,Kinnie,mkinniehw@dropbox.com,Female,1995/11/14,Australia
Fanchette,Stewart,fstewarthx@cmu.edu,Female,2007/03/23,Sweden
Gabbie,Capelow,gcapelowhy@twitter.com,Female,1992/11/29,Mongolia
Whitney,Lorenzo,wlorenzohz@e-recht24.de,Male,2007/05/14,Portugal
Carrissa,Clemmens,cclemmensi0@flickr.com,Female,1998/04/08,Ethiopia
Clare,Saffran,csaffrani1@google.fr,Female,1999/07/13,Spain
Meredith,Klewer,mkleweri2@weibo.com,Female,2014/09/23,Japan
Reuben,Degnen,rdegneni3@timesonline.co.uk,Male,2007/08/10,Colombia
Cicely,Vicar,cvicari4@ning.com,Female,1997/10/31,China
Adelina,Dyde,adydei5@adobe.com,Female,2007/09/22,Indonesia
Dom,Leyburn,dleyburni6@yellowpages.com,Male,2011/12/18,Albania
Daloris,Mawditt,dmawditti7@harvard.edu,Female,2015/06/12,Afghanistan
Izak,Dagworthy,idagworthyi8@posterous.com,Male,2003/04/07,Portugal
Jilleen,Scantleberry,jscantleberryi9@wp.com,Female,1997/06/06,Thailand
Phillida,Venart,pvenartia@samsung.com,Female,2000/06/25,United States
Claudianus,Roskams,croskamsib@nba.com,Male,2017/07/21,Indonesia
Agneta,Hinners,ahinnersic@wufoo.com,Female,2006/12/04,Philippines
June,Burtonshaw,jburtonshawid@discovery.com,Female,2012/07/17,China
Ainsley,Old,aoldie@g.co,Female,2003/03/04,China
Bobbie,Gerrens,bgerrensif@nature.com,Male,2003/02/17,Liberia
Adham,De Beauchamp,adebeauchampig@patch.com,Male,2011/02/23,Russia
Kass,Gingedale,kgingedaleih@tmall.com,Female,2012/11/04,Portugal
Brandtr,Heater,bheaterii@over-blog.com,Male,2010/01/12,Indonesia
Kristopher,Dyde,kdydeij@blogtalkradio.com,Male,2017/02/18,France
Amery,Josilowski,ajosilowskiik@ning.com,Male,1992/11/17,Indonesia
Earle,Dowtry,edowtryil@delicious.com,Male,2003/05/31,Haiti
Renato,Thurstance,rthurstanceim@marketwatch.com,Male,2006/08/23,United States
Ricky,Coatham,rcoathamin@purevolume.com,Female,1991/01/02,Myanmar
Darla,Armin,darminio@desdev.cn,Female,2015/02/06,China
Ole,Puttrell,oputtrellip@wix.com,Male,2016/12/02,Colombia
Joel,Buard,jbuardiq@is.gd,Male,2011/12/21,Bangladesh
Tyler,Enstone,tenstoneir@imageshack.us,Male,1991/01/11,China
Cassie,Marvin,cmarvinis@upenn.edu,Male,1993/06/27,Philippines
Michel,Smithen,msmithenit@scribd.com,Male,2002/06/29,China
Bartholomeus,Cabbell,bcabbelliu@techcrunch.com,Male,2011/09/05,Tanzania
Frederique,Fairest,ffairestiv@tmall.com,Female,1995/04/18,Ukraine
Erina,McLarens,emclarensiw@360.cn,Female,1999/03/30,Puerto Rico
Ethel,Everist,eeveristix@friendfeed.com,Female,2012/09/29,Bhutan
Florette,Matityahu,fmatityahuiy@dion.ne.jp,Female,2018/03/27,Guatemala
Nilson,Klulicek,nklulicekiz@about.com,Male,1991/01/29,Indonesia
Johnna,Aingell,jaingellj0@usatoday.com,Female,2003/12/08,Micronesia
Christoph,Jarrard,cjarrardj1@goo.ne.jp,Male,2018/04/28,Japan
Kalle,Yole,kyolej2@sina.com.cn,Male,2018/09/22,United States
Olivero,Fansy,ofansyj3@google.com.au,Male,1999/08/31,China
Meggie,Sharpus,msharpusj4@wp.com,Female,1991/11/01,Kyrgyzstan
Pat,Blodg,pblodgj5@si.edu,Male,1996/06/20,Russia
Kincaid,Pimerick,kpimerickj6@sakura.ne.jp,Male,1991/12/13,Brazil
Pet,Bemand,pbemandj7@themeforest.net,Female,2010/06/15,Colombia
Hayyim,Hizir,hhizirj8@intel.com,Male,2018/09/12,Russia
Mikol,Aloshkin,maloshkinj9@ustream.tv,Male,2012/08/11,Niger
Kacie,Goldstein,kgoldsteinja@trellian.com,Female,2002/06/07,China
Jasper,Starkings,jstarkingsjb@state.gov,Male,1993/08/04,Uganda
Malchy,Brazelton,mbrazeltonjc@moonfruit.com,Male,2017/08/04,Brazil
Constantine,Bertl,cbertljd@theatlantic.com,Female,2016/01/14,Azerbaijan
Devi,O Mullen,domullenje@time.com,Female,1991/02/11,Indonesia
D'arcy,Peal,dpealjf@imgur.com,Male,1992/04/26,Dominican Republic
Elbertina,Tagg,etaggjg@cdbaby.com,Female,2005/02/16,El Salvador
Ursuline,Sherratt,usherrattjh@msn.com,Female,2011/03/17,Ukraine
Orv,Trosdall,otrosdallji@ted.com,Male,1995/12/01,Germany
Demetra,Kenningham,dkenninghamjj@a8.net,Female,2004/10/05,Japan
Bee,Turnpenny,bturnpennyjk@oakley.com,Female,1996/04/08,Finland
Mitch,Kleinber,mkleinberjl@nytimes.com,Male,1995/10/11,China
Misty,Strooband,mstroobandjm@baidu.com,Female,2008/09/17,Brazil
Rafaelia,Seebert,rseebertjn@stanford.edu,Female,2013/09/16,Cameroon
Sheridan,Laycock,slaycockjo@qq.com,Male,2015/09/17,Montenegro
George,Shmyr,gshmyrjp@dagondesign.com,Male,2015/02/12,Sweden
Othello,Upston,oupstonjq@posterous.com,Male,2001/11/20,Mexico
Karmen,Spearing,kspearingjr@unicef.org,Female,1998/05/02,Sweden
Mattie,Szymanowski,mszymanowskijs@themeforest.net,Female,1995/08/31,Burkina Faso
Zerk,Wawer,zwawerjt@opera.com,Male,1995/05/07,Indonesia
Maryl,Mapston,mmapstonju@domainmarket.com,Female,1994/12/30,Portugal
Wilbert,Kezor,wkezorjv@yellowpages.com,Male,1991/11/02,Japan
Natasha,Jevons,njevonsjw@furl.net,Female,1990/07/13,Chad
Anna-maria,Bonallack,abonallackjx@fema.gov,Female,2004/05/03,Italy
Weber,Leipnik,wleipnikjy@ucsd.edu,Male,1996/05/17,Indonesia
Luce,Crispe,lcrispejz@loc.gov,Female,1991/08/03,Brazil
Tobit,Wey,tweyk0@state.gov,Male,2013/12/21,Indonesia
Pam,Buggy,pbuggyk1@ask.com,Female,1990/11/14,Poland
Hedvige,Muscott,hmuscottk2@histats.com,Female,1998/07/21,Portugal
Arman,Stanlike,astanlikek3@dell.com,Male,2016/12/26,Nigeria
Nicol,Alforde,nalfordek4@hp.com,Male,2006/03/15,Indonesia
Lynea,D'Souza,ldsouzak5@symantec.com,Female,2016/05/16,China
Trevor,Hounsome,thounsomek6@delicious.com,Male,1995/06/03,China
Lana,Busse,lbussek7@msn.com,Female,2001/10/04,American Samoa
Lori,Pablos,lpablosk8@blogs.com,Female,2012/03/03,Albania
Justine,D'Ambrosio,jdambrosiok9@yahoo.com,Female,2018/05/06,Philippines
Roselia,Miliffe,rmiliffeka@reference.com,Female,2013/07/06,Tunisia
Rollin,Rummings,rrummingskb@statcounter.com,Male,2014/06/07,Philippines
Lulu,Duncklee,ldunckleekc@arstechnica.com,Female,2009/02/23,Russia
Jessee,Carding,jcardingkd@reddit.com,Male,2004/08/22,China
Coral,Ewings,cewingske@vistaprint.com,Female,2000/10/19,China
Vidovik,Rubinek,vrubinekkf@illinois.edu,Male,2010/07/21,Brazil
Alberta,Lindemann,alindemannkg@oakley.com,Female,1993/04/10,South Africa
Lyda,Bonass,lbonasskh@who.int,Female,2002/02/11,Venezuela
Peder,Fennelly,pfennellyki@seesaa.net,Male,1998/03/12,Russia
Benedicto,Huntingford,bhuntingfordkj@go.com,Male,2005/12/02,France
Lesley,Jarmyn,ljarmynkk@usnews.com,Female,2001/10/20,China
Vanni,Labitt,vlabittkl@ustream.tv,Female,1993/09/22,China
Tito,Gilhespy,tgilhespykm@youtu.be,Male,2003/12/13,China
Lesley,Haycroft,lhaycroftkn@merriam-webster.com,Male,2018/03/06,Brazil
Terrill,Habbeshaw,thabbeshawko@accuweather.com,Male,2005/09/11,Philippines
Elie,Colgan,ecolgankp@answers.com,Female,1992/04/05,Portugal
Shurwood,Joincey,sjoinceykq@ftc.gov,Male,2014/05/31,Myanmar
Cairistiona,Manners,cmannerskr@biblegateway.com,Female,2003/03/22,Indonesia
Dewitt,Bennett,dbennettks@buzzfeed.com,Male,2003/10/06,France
Homer,Arnaudet,harnaudetkt@merriam-webster.com,Male,1998/01/30,United States
Sancho,Moncrieffe,smoncrieffeku@wikimedia.org,Male,1994/02/13,Russia
Chane,Attrill,cattrillkv@ftc.gov,Male,1996/03/29,Japan
Maurise,Swede,mswedekw@youtube.com,Female,2017/05/22,Ukraine
Rodrigo,Coveley,rcoveleykx@netvibes.com,Male,1994/03/02,Sweden
Oriana,Porteous,oporteousky@gravatar.com,Female,2001/06/08,Colombia
Arielle,Blazynski,ablazynskikz@uol.com.br,Female,2014/05/08,China
Clifford,Cocke,ccockel0@kickstarter.com,Male,1995/11/18,China
Gusta,Stranger,gstrangerl1@timesonline.co.uk,Female,2016/09/26,Portugal
Mendie,de Grey,mdegreyl2@mysql.com,Male,1990/06/21,Netherlands
Gizela,Heibl,gheibll3@ted.com,Female,2016/09/07,China
Arlene,Village,avillagel4@altervista.org,Female,1991/03/24,Indonesia
Ines,Shoebotham,ishoebothaml5@businessinsider.com,Female,2000/11/29,Afghanistan
Rocky,McCurlye,rmccurlyel6@loc.gov,Male,1991/10/02,Italy
Gideon,Truran,gtruranl7@twitpic.com,Male,1999/09/10,Czech Republic
Iver,Crocumbe,icrocumbel8@latimes.com,Male,2009/03/23,China
Free,Westfield,fwestfieldl9@businessinsider.com,Male,2000/05/11,Norway
Clarence,Armistead,carmisteadla@parallels.com,Male,1999/09/27,Philippines
Angelico,Mobius,amobiuslb@wordpress.com,Male,2015/07/01,China
Lonee,Simants,lsimantslc@wikispaces.com,Female,2014/06/06,Colombia
Sidney,McCadden,smccaddenld@sohu.com,Male,2002/03/18,Australia
Vincent,Caught,vcaughtle@unblog.fr,Male,2014/09/27,China
Minda,Fitton,mfittonlf@buzzfeed.com,Female,1994/12/02,Poland
Nealy,Fonzone,nfonzonelg@china.com.cn,Male,2018/02/07,Portugal
Grenville,Gleadle,ggleadlelh@adobe.com,Male,2016/11/15,China
Gerti,Chidzoy,gchidzoyli@nsw.gov.au,Female,1997/10/12,Moldova
Meredith,Collyer,mcollyerlj@blog.com,Female,2005/04/22,China
Lucretia,Baudichon,lbaudichonlk@berkeley.edu,Female,2013/03/02,China
Isis,Willoughby,iwilloughbyll@vkontakte.ru,Female,2002/10/18,China
Helena,McCray,hmccraylm@ezinearticles.com,Female,2006/04/28,China
Nikolos,Sobczak,nsobczakln@sohu.com,Male,2015/03/11,China
Stafford,Naisbet,snaisbetlo@plala.or.jp,Male,2011/03/14,China
Jarrid,Ciepluch,jciepluchlp@cargocollective.com,Male,1991/12/31,China
Alaine,Brandsen,abrandsenlq@edublogs.org,Female,1990/08/08,Argentina
Ransell,Grabiec,rgrabieclr@clickbank.net,Male,1999/08/09,China
Washington,Gromley,wgromleyls@walmart.com,Male,2017/07/13,China
Ransom,Emig,remiglt@sitemeter.com,Male,2000/07/22,Poland
Ibby,Gerholz,igerholzlu@mashable.com,Female,2007/07/05,Mali
Hewet,Sissons,hsissonslv@sphinn.com,Male,2014/09/15,Russia
Gwen,Aslam,gaslamlw@so-net.ne.jp,Female,2010/12/08,Russia
Moses,Zaple,mzaplelx@baidu.com,Male,2006/01/17,China
Tim,Bertelmot,tbertelmotly@networkadvertising.org,Female,2014/01/28,Portugal
Phelia,Eldrett,peldrettlz@hc360.com,Female,2010/09/10,China
Bar,O'Dogherty,bodoghertym0@va.gov,Male,2011/07/22,China
Viviyan,Deboick,vdeboickm1@umich.edu,Female,2000/11/14,China
Herman,Bertelsen,hbertelsenm2@jiathis.com,Male,2016/05/28,Brazil
Malvina,Mangin,mmanginm3@springer.com,Female,2014/09/08,Brazil
Hercules,Westberg,hwestbergm4@youku.com,Male,2002/11/15,China
Laural,Sherrett,lsherrettm5@hao123.com,Female,2017/03/20,Netherlands
Floria,Shalloo,fshalloom6@technorati.com,Female,2019/01/25,Guatemala
Doralynne,Haysman,dhaysmanm7@nba.com,Female,2018/05/27,China
Tobin,Jacobbe,tjacobbem8@com.com,Male,2002/11/23,China
Zara,Godart,zgodartm9@comsenz.com,Female,2002/12/30,Canada
Theobald,Schustl,tschustlma@taobao.com,Male,2009/06/17,China
Darby,Dallin,ddallinmb@odnoklassniki.ru,Male,2008/09/03,Japan
Lorena,Robic,lrobicmc@virginia.edu,Female,2006/01/28,Portugal
Mallory,Tardiff,mtardiffmd@trellian.com,Female,1995/03/18,Argentina
Collin,Defond,cdefondme@jimdo.com,Male,1992/12/28,Ukraine
Hulda,Bussy,hbussymf@about.com,Female,1994/12/07,Nepal
Cordie,Pittem,cpittemmg@fda.gov,Female,1998/10/12,China
Tanner,Simonot,tsimonotmh@g.co,Male,2013/06/05,Ghana
Dolley,Vigneron,dvigneronmi@weather.com,Female,2006/06/24,Indonesia
Jayme,Trevan,jtrevanmj@vinaora.com,Female,1997/02/20,French Polynesia
Pamella,Rosling,proslingmk@moonfruit.com,Female,1994/05/20,China
Randall,Larimer,rlarimerml@dropbox.com,Male,2000/05/11,Czech Republic
Teresita,Rillett,trillettmm@ebay.com,Female,1991/10/17,Portugal
Amelie,Chadburn,achadburnmn@feedburner.com,Female,2012/02/18,Sweden
Ashien,Duckerin,aduckerinmo@gravatar.com,Female,2005/01/24,Mexico
Anallise,Rambadt,arambadtmp@vistaprint.com,Female,2019/02/13,Portugal
Enid,Kerner,ekernermq@senate.gov,Female,1996/10/04,China
Cecilio,Kisting,ckistingmr@biglobe.ne.jp,Male,2016/06/22,China
Craig,Hallas,challasms@umich.edu,Male,2013/12/09,Serbia
Katerina,Brendish,kbrendishmt@bizjournals.com,Female,2009/08/18,Macedonia
Zonda,Rysdale,zrysdalemu@msn.com,Female,2017/08/02,China
Shandy,Parlott,sparlottmv@apple.com,Female,2006/03/02,British Virgin Islands
Joellyn,Gout,jgoutmw@google.nl,Female,2009/01/22,China
Meghan,Kinavan,mkinavanmx@wunderground.com,Female,2013/07/12,Moldova
Humfrid,Hucklesby,hhucklesbymy@shinystat.com,Male,2017/04/25,Ireland
Aldin,Jertz,ajertzmz@free.fr,Male,2011/11/18,China
Robinson,Leguey,rlegueyn0@vistaprint.com,Male,2008/10/20,Belarus
Gradeigh,Tranter,gtrantern1@cbc.ca,Male,2009/07/27,Brazil
Karry,Trenaman,ktrenamann2@ustream.tv,Female,2004/08/01,Portugal
Jabez,Mellanby,jmellanbyn3@dmoz.org,Male,1996/11/21,China
Tanney,Goldis,tgoldisn4@naver.com,Male,1998/02/18,China
Bruce,Skein,bskeinn5@bloomberg.com,Male,2011/05/07,Portugal
Sadella,Arblaster,sarblastern6@ehow.com,Female,2010/04/09,Indonesia
Roselin,Critzen,rcritzenn7@elpais.com,Female,2002/01/06,Philippines
Helen-elizabeth,A'Barrow,habarrown8@wufoo.com,Female,1993/05/06,Sweden
Amble,Defont,adefontn9@sciencedirect.com,Male,2004/03/28,Pakistan
Christopher,Foulks,cfoulksna@prnewswire.com,Male,2010/06/08,Portugal
Dena,Thebeaud,dthebeaudnb@marriott.com,Female,2006/11/25,Italy
Ransom,Lainton,rlaintonnc@devhub.com,Male,2015/10/17,United Kingdom
Hank,Gamble,hgamblend@posterous.com,Male,1998/06/13,China
Murial,McAree,mmcareene@youku.com,Female,2014/08/15,Serbia
Grady,Sayer,gsayernf@bloglines.com,Male,1990/12/15,Nigeria
Katheryn,Jeduch,kjeduchng@soup.io,Female,1993/01/26,Brazil
Lucias,Mostyn,lmostynnh@chron.com,Male,2017/01/15,Peru
Kermit,Lilloe,klilloeni@skyrock.com,Male,2009/03/23,Argentina
Inigo,Coath,icoathnj@craigslist.org,Male,2005/10/17,France
Ade,Bautiste,abautistenk@marketwatch.com,Male,2005/10/12,Sweden
Feliks,McCaughren,fmccaughrennl@google.es,Male,2000/02/16,Thailand
Sutton,Ricarde,sricardenm@howstuffworks.com,Male,1996/12/24,United States
Lynn,Sawday,lsawdaynn@jiathis.com,Female,1993/12/22,Indonesia
Wiatt,Clausner,wclausnerno@usatoday.com,Male,2015/11/19,Peru
Augustine,Dallin,adallinnp@jugem.jp,Female,2012/11/15,Iran
Aviva,Castrillo,acastrillonq@mapquest.com,Female,1996/12/09,China
Maurits,Gannicott,mgannicottnr@barnesandnoble.com,Male,1996/01/17,Russia
Georgine,Schustl,gschustlns@opensource.org,Female,2016/10/07,Azerbaijan
Frank,Prettyman,fprettymannt@zdnet.com,Male,1996/08/26,Indonesia
Alica,Martt,amarttnu@seattletimes.com,Female,1998/11/03,Greece
Marv,Tott,mtottnv@bloglines.com,Male,2013/07/10,China
Eddie,O'Shiel,eoshielnw@google.es,Male,1991/01/26,China
Adella,Woodstock,awoodstocknx@usatoday.com,Female,2010/01/19,China
Berta,Biagioni,bbiagioniny@flavors.me,Female,2000/01/11,Philippines
Annmaria,Rhyme,arhymenz@domainmarket.com,Female,1991/01/22,Portugal
Elwira,Whayman,ewhaymano0@boston.com,Female,2004/06/15,Tanzania
Sybil,Aylmore,saylmoreo1@bluehost.com,Female,2017/02/03,Venezuela
Marcelia,Jerred,mjerredo2@mysql.com,Female,2014/01/15,Philippines
Kanya,Warters,kwarterso3@123-reg.co.uk,Female,1999/10/16,Netherlands
Cristionna,Ney,cneyo4@about.com,Female,2012/01/14,France
Candra,Dibdall,cdibdallo5@friendfeed.com,Female,1996/03/14,Serbia
Devland,Shillom,dshillomo6@va.gov,Male,2010/03/10,Canada
Brooks,Tudball,btudballo7@baidu.com,Male,1998/04/30,Syria
Alford,Ramelet,arameleto8@zimbio.com,Male,2001/01/26,Costa Rica
Aylmer,Garioch,agariocho9@nps.gov,Male,2009/05/25,Portugal
Mirella,Jillitt,mjillittoa@yolasite.com,Female,2007/05/30,Portugal
Linn,Halvorsen,lhalvorsenob@tumblr.com,Male,2006/05/24,Argentina
Lion,Brognot,lbrognotoc@reddit.com,Male,2015/02/26,Indonesia
Carmine,Geale,cgealeod@flickr.com,Female,2012/03/25,Brazil
Neilla,Weyland,nweylandoe@biglobe.ne.jp,Female,2018/06/04,China
Karina,Sandiford,ksandifordof@hugedomains.com,Female,2006/09/18,Vietnam
Quinlan,Leaning,qleaningog@deliciousdays.com,Male,2017/07/20,Mongolia
Alisun,Freestone,afreestoneoh@salon.com,Female,2009/09/02,Denmark
Cacilie,Hinz,chinzoi@twitpic.com,Female,2009/08/17,China
Mallory,Torri,mtorrioj@123-reg.co.uk,Female,1991/04/26,Azerbaijan
Catriona,Witard,cwitardok@unblog.fr,Female,2002/09/17,Ukraine
Chuck,Southern,csouthernol@army.mil,Male,2010/02/17,Mozambique
Ola,Muzzillo,omuzzilloom@google.de,Female,1992/08/21,China
Lukas,Wolfenden,lwolfendenon@google.ru,Male,1995/03/17,Tunisia
Gloriane,Szantho,gszanthooo@msu.edu,Female,2003/02/28,Pakistan
Delia,Gaspero,dgasperoop@techcrunch.com,Female,2011/02/04,Tanzania
Gretta,Larne,glarneoq@dion.ne.jp,Female,1991/03/24,Philippines
Margi,Kurten,mkurtenor@jalbum.net,Female,2001/07/12,Malaysia
Edmund,Guislin,eguislinos@eventbrite.com,Male,2006/09/04,United States
Lou,Tourner,ltournerot@mail.ru,Male,2002/03/04,Portugal
Gisela,Vispo,gvispoou@skype.com,Female,1996/05/23,Philippines
Andrus,Ingledew,aingledewov@imdb.com,Male,2010/12/30,Japan
Jacky,Astin,jastinow@ustream.tv,Male,2001/08/06,Indonesia
Lucinda,Knee,lkneeox@youtube.com,Female,1995/12/29,Philippines
Olivie,Smiley,osmileyoy@walmart.com,Female,2009/11/15,China
Helaine,Stain,hstainoz@dedecms.com,Female,2010/06/21,Slovenia
Donnie,Toupe,dtoupep0@mysql.com,Male,2011/12/12,China
Beulah,Outright,boutrightp1@admin.ch,Female,2018/08/12,Finland
Kerrill,Pudding,kpuddingp2@symantec.com,Female,2008/11/07,Brazil
Boigie,Durston,bdurstonp3@rambler.ru,Male,2017/12/17,Philippines
Franz,Borgne,fborgnep4@ifeng.com,Male,2003/03/27,South Africa
Sigismundo,Camies,scamiesp5@tripod.com,Male,2003/08/08,Iran
Cher,Simenet,csimenetp6@pinterest.com,Female,1994/05/01,Tunisia
Humberto,Nightingale,hnightingalep7@economist.com,Male,1992/10/03,Philippines
Reiko,Millea,rmilleap8@g.co,Female,2005/01/25,Indonesia
Collete,Blount,cblountp9@fotki.com,Female,2017/08/14,China
Luelle,Stefi,lstefipa@howstuffworks.com,Female,2017/06/22,Niger
Harcourt,Lydiard,hlydiardpb@howstuffworks.com,Male,1996/11/27,China
Orland,Blackburne,oblackburnepc@tripod.com,Male,1994/11/11,Honduras
Leandra,Jeandillou,ljeandilloupd@surveymonkey.com,Female,2008/09/17,Nigeria
Muriel,Doyley,mdoyleype@cnn.com,Female,2018/04/24,Brazil
Noel,Ruger,nrugerpf@admin.ch,Male,2013/01/24,China
Gavra,Bayne,gbaynepg@disqus.com,Female,2004/07/10,Guinea
Amabel,Ceeley,aceeleyph@networkadvertising.org,Female,2008/04/12,Saint Pierre and Miquelon
Ash,Chown,achownpi@biblegateway.com,Male,2001/03/09,Portugal
Odetta,Strettle,ostrettlepj@cmu.edu,Female,2007/05/08,China
Devondra,Mullard,dmullardpk@shop-pro.jp,Female,2007/01/22,Czech Republic
Hyman,Riedel,hriedelpl@theguardian.com,Male,2014/05/22,France
Leila,Burnsall,lburnsallpm@chicagotribune.com,Female,2008/04/21,Venezuela
Isaac,Yakuntsov,iyakuntsovpn@google.cn,Male,1999/05/03,China
Sallyanne,Eede,seedepo@zimbio.com,Female,2013/11/12,South Africa
Davie,Crook,dcrookpp@cornell.edu,Male,2009/05/24,China
Julio,Sidworth,jsidworthpq@nsw.gov.au,Male,1993/09/10,China
Doralynn,Fewster,dfewsterpr@webeden.co.uk,Female,1991/07/19,South Africa
Raine,Middle,rmiddleps@yellowbook.com,Female,1997/02/25,Indonesia
Valentijn,Harmon,vharmonpt@scribd.com,Male,2014/07/18,Vietnam
Timoteo,Senussi,tsenussipu@gov.uk,Male,2005/02/21,Indonesia
Lucia,Cavan,lcavanpv@google.it,Female,1995/05/27,Brazil
Grissel,Arlow,garlowpw@cbc.ca,Female,1994/08/20,Russia
Clerc,Grimsley,cgrimsleypx@issuu.com,Male,2001/04/01,Israel
Tricia,Dell 'Orto,tdellortopy@kickstarter.com,Female,2017/09/17,China
Rabbi,Searchwell,rsearchwellpz@technorati.com,Male,1990/03/22,Belarus
Dennis,Erbain,derbainq0@hostgator.com,Male,2007/04/08,Iran
Rickey,Lowmass,rlowmassq1@paginegialle.it,Male,2009/11/06,Russia
Clayton,Maffi,cmaffiq2@intel.com,Male,1991/08/30,China
Quinton,Dennington,qdenningtonq3@oracle.com,Male,1998/02/16,Thailand
Julianne,Lamar,jlamarq4@t.co,Female,2017/01/14,Indonesia
Quill,Amoore,qamooreq5@ca.gov,Male,1991/10/16,Tonga
Patrick,Caff,pcaffq6@abc.net.au,Male,2004/11/08,Peru
Bertram,Shuttle,bshuttleq7@desdev.cn,Male,2014/05/03,Indonesia
Lisette,Moxom,lmoxomq8@home.pl,Female,2006/02/20,Angola
Chris,Southcott,csouthcottq9@liveinternet.ru,Male,1998/10/18,Mexico
Tallia,Leer,tleerqa@prlog.org,Female,2000/05/19,Philippines
Persis,De La Coste,pdelacosteqb@1688.com,Female,1994/02/27,Lesotho
Ellery,McGroarty,emcgroartyqc@sphinn.com,Male,1992/08/16,China
Eleonora,McCorley,emccorleyqd@exblog.jp,Female,2015/10/12,Libya
Neysa,Bilt,nbiltqe@prlog.org,Female,2013/02/27,Czech Republic
Vassily,Cejka,vcejkaqf@msn.com,Male,1991/09/23,Venezuela
Christiana,MacQueen,cmacqueenqg@printfriendly.com,Female,2013/04/14,United States
Adolphus,Portt,aporttqh@newsvine.com,Male,1990/10/16,Russia
Cello,Wimp,cwimpqi@phoca.cz,Male,2010/05/05,Argentina
Miner,Espada,mespadaqj@google.de,Male,2004/10/12,Iran
Cassy,Hardi,chardiqk@vimeo.com,Female,2011/08/17,Indonesia
Anjanette,Deegan,adeeganql@edublogs.org,Female,1994/08/06,Tajikistan
Cary,Want,cwantqm@addthis.com,Male,2016/03/21,Cameroon
Josefa,Oxborough,joxboroughqn@elpais.com,Female,2008/10/22,Indonesia
Freedman,Brobak,fbrobakqo@fastcompany.com,Male,2016/04/13,China
Anabel,Pappin,apappinqp@constantcontact.com,Female,2014/09/12,China
Taber,Berzons,tberzonsqq@webnode.com,Male,2003/10/25,Zimbabwe
Alida,Trendle,atrendleqr@comcast.net,Female,1992/03/09,China
Quent,Venditto,qvendittoqs@nbcnews.com,Male,2010/09/17,China
Quinn,Deverock,qdeverockqt@reuters.com,Male,2011/10/29,Norway
Owen,Horsewood,ohorsewoodqu@unc.edu,Male,2016/01/25,Guatemala
Court,Shawyers,cshawyersqv@wikispaces.com,Male,1997/09/09,China
Brent,Tolmie,btolmieqw@opensource.org,Male,1998/08/08,Russia
Elsbeth,Gibbs,egibbsqx@1und1.de,Female,2017/01/19,Croatia
Olimpia,Semmence,osemmenceqy@census.gov,Female,2017/10/13,Thailand
Saunderson,Jeanin,sjeaninqz@arstechnica.com,Male,1990/10/11,Albania
Gregor,Campaigne,gcampaigner0@shutterfly.com,Male,1999/01/01,Israel
Vernice,Hatter,vhatterr1@foxnews.com,Female,2008/11/04,Russia
Herminia,Lucks,hlucksr2@cargocollective.com,Female,2002/01/22,Kazakhstan
Justis,Vasyatkin,jvasyatkinr3@tripod.com,Male,2009/07/08,China
Scotty,Woodvine,swoodviner4@fda.gov,Male,1990/05/25,Brazil
Lauraine,Reddecliffe,lreddecliffer5@myspace.com,Female,1997/12/09,Burkina Faso
Kasper,Hentze,khentzer6@nsw.gov.au,Male,1991/05/05,Indonesia
Annabelle,Trimme,atrimmer7@biblegateway.com,Female,1992/10/06,China
Andie,Witherby,awitherbyr8@toplist.cz,Male,1991/03/28,Albania
Margi,Tabard,mtabardr9@tamu.edu,Female,2001/01/23,Mongolia
Kylynn,Shatliff,kshatliffra@ted.com,Female,2000/03/07,Mexico
Gayelord,Egiloff,gegiloffrb@ft.com,Male,1990/05/11,Macedonia
Fania,Hefner,fhefnerrc@icio.us,Female,1999/05/04,Cyprus
Jaymee,Beers,jbeersrd@free.fr,Female,2008/08/02,Brazil
Paulie,Berrane,pberranere@pinterest.com,Male,2017/08/28,Poland
Obie,Shrive,oshriverf@europa.eu,Male,2015/04/18,Poland
Ottilie,Reboul,oreboulrg@alexa.com,Female,2018/03/13,Vietnam
Billi,Haslewood,bhaslewoodrh@bloglines.com,Female,1992/04/17,China
Celle,McNay,cmcnayri@ted.com,Female,2015/06/14,Poland
Jenine,Sall,jsallrj@tiny.cc,Female,2011/10/24,China
Bary,Kiddle,bkiddlerk@hexun.com,Male,1998/06/23,Peru
Dorolice,Deave,ddeaverl@baidu.com,Female,1993/08/24,Samoa
Nap,Glaze,nglazerm@squidoo.com,Male,2015/10/09,China
Trever,Tabourin,ttabourinrn@usgs.gov,Male,2015/12/28,Poland
Lucienne,Hartshorne,lhartshornero@fda.gov,Female,1999/04/27,Peru
Sukey,Zoellner,szoellnerrp@free.fr,Female,2015/04/18,Russia
Veriee,Butner,vbutnerrq@feedburner.com,Female,1997/07/10,Peru
Orland,Nevinson,onevinsonrr@irs.gov,Male,1995/09/24,Botswana
